[
{
  "model": "admin.logentry",
  "pk": 1,
  "fields": {
    "action_time": "2021-03-09T10:18:17.123Z",
    "user": 1,
    "content_type": 8,
    "object_id": "1",
    "object_repr": "Category object (1)",
    "action_flag": 1,
    "change_message": "[{\"added\": {}}]"
  }
},
{
  "model": "admin.logentry",
  "pk": 2,
  "fields": {
    "action_time": "2021-03-09T10:18:26.145Z",
    "user": 1,
    "content_type": 9,
    "object_id": "1",
    "object_repr": "Type object (1)",
    "action_flag": 1,
    "change_message": "[{\"added\": {}}]"
  }
},
{
  "model": "admin.logentry",
  "pk": 3,
  "fields": {
    "action_time": "2021-03-09T10:19:04.247Z",
    "user": 1,
    "content_type": 7,
    "object_id": "1",
    "object_repr": "1. eee:eeeeCategory object (1) Type object (1)",
    "action_flag": 1,
    "change_message": "[{\"added\": {}}]"
  }
},
{
  "model": "admin.logentry",
  "pk": 4,
  "fields": {
    "action_time": "2021-03-09T10:22:56.623Z",
    "user": 1,
    "content_type": 7,
    "object_id": "1",
    "object_repr": "1. eee:eeeeTask New",
    "action_flag": 3,
    "change_message": ""
  }
},
{
  "model": "admin.logentry",
  "pk": 5,
  "fields": {
    "action_time": "2021-03-09T10:25:45.420Z",
    "user": 1,
    "content_type": 8,
    "object_id": "2",
    "object_repr": "New",
    "action_flag": 1,
    "change_message": "[{\"added\": {}}]"
  }
},
{
  "model": "admin.logentry",
  "pk": 6,
  "fields": {
    "action_time": "2021-03-09T10:25:55.396Z",
    "user": 1,
    "content_type": 8,
    "object_id": "1",
    "object_repr": "Task",
    "action_flag": 3,
    "change_message": ""
  }
},
{
  "model": "admin.logentry",
  "pk": 7,
  "fields": {
    "action_time": "2021-03-09T10:26:11.621Z",
    "user": 1,
    "content_type": 8,
    "object_id": "3",
    "object_repr": "In Progress",
    "action_flag": 1,
    "change_message": "[{\"added\": {}}]"
  }
},
{
  "model": "admin.logentry",
  "pk": 8,
  "fields": {
    "action_time": "2021-03-09T10:26:22.530Z",
    "user": 1,
    "content_type": 8,
    "object_id": "4",
    "object_repr": "Done",
    "action_flag": 1,
    "change_message": "[{\"added\": {}}]"
  }
},
{
  "model": "admin.logentry",
  "pk": 9,
  "fields": {
    "action_time": "2021-03-09T10:26:33.274Z",
    "user": 1,
    "content_type": 9,
    "object_id": "2",
    "object_repr": "Task",
    "action_flag": 1,
    "change_message": "[{\"added\": {}}]"
  }
},
{
  "model": "admin.logentry",
  "pk": 10,
  "fields": {
    "action_time": "2021-03-09T10:26:42.550Z",
    "user": 1,
    "content_type": 9,
    "object_id": "3",
    "object_repr": "Bug",
    "action_flag": 1,
    "change_message": "[{\"added\": {}}]"
  }
},
{
  "model": "admin.logentry",
  "pk": 11,
  "fields": {
    "action_time": "2021-03-09T10:26:57.773Z",
    "user": 1,
    "content_type": 9,
    "object_id": "4",
    "object_repr": "Enhancement",
    "action_flag": 1,
    "change_message": "[{\"added\": {}}]"
  }
},
{
  "model": "admin.logentry",
  "pk": 12,
  "fields": {
    "action_time": "2021-03-09T10:29:26.768Z",
    "user": 1,
    "content_type": 7,
    "object_id": "1",
    "object_repr": "1. купить машину:Audi a4 2019 годаNew Task",
    "action_flag": 1,
    "change_message": "[{\"added\": {}}]"
  }
},
{
  "model": "admin.logentry",
  "pk": 13,
  "fields": {
    "action_time": "2021-03-09T10:30:32.648Z",
    "user": 1,
    "content_type": 7,
    "object_id": "2",
    "object_repr": "2. купить телефон:samsung s20In Progress New",
    "action_flag": 1,
    "change_message": "[{\"added\": {}}]"
  }
},
{
  "model": "admin.logentry",
  "pk": 14,
  "fields": {
    "action_time": "2021-03-09T10:33:38.084Z",
    "user": 1,
    "content_type": 7,
    "object_id": "3",
    "object_repr": "3. купить машину:BMW\r\nГод выпуска2014\r\nПробег90 000 км\r\nКузовседан\r\nЦвет белый\r\nДвигатель4.4 л. / бензин\r\nКоробкаробот\r\nПриводзадний\r\nРульслева\r\nСостояниеидеальное\r\nТаможнярастаможен\r\nОбменрассмотрю в",
    "action_flag": 1,
    "change_message": "[{\"added\": {}}]"
  }
},
{
  "model": "admin.logentry",
  "pk": 15,
  "fields": {
    "action_time": "2021-03-09T10:34:21.205Z",
    "user": 1,
    "content_type": 7,
    "object_id": "4",
    "object_repr": "4. купить машину:Год выпуска1993\r\nПробег113 500 км\r\nКузовседан\r\nЦвет серебристый\r\nДвигатель4.0 л. / бензин\r\nКоробкаавтомат\r\nПриводзадний\r\nРульслева\r\nСостояниеновое\r\nТаможняне растаможен\r\nНаличие\r\nПроч",
    "action_flag": 1,
    "change_message": "[{\"added\": {}}]"
  }
},
{
  "model": "admin.logentry",
  "pk": 16,
  "fields": {
    "action_time": "2021-03-09T10:35:15.975Z",
    "user": 1,
    "content_type": 7,
    "object_id": "5",
    "object_repr": "5. купить телефон:Росо С3\r\nНовый смартфон Росо С3, почти ничем не отличается от вышедшего ранее Redmi 9C.\r\nУ двух телефонов много общего: IPS-экран, имеющий диагональ 6,53 дюйма при разрешении HD+, ка",
    "action_flag": 1,
    "change_message": "[{\"added\": {}}]"
  }
},
{
  "model": "admin.logentry",
  "pk": 17,
  "fields": {
    "action_time": "2021-03-15T10:18:42.905Z",
    "user": 1,
    "content_type": 9,
    "object_id": "5",
    "object_repr": "fgh",
    "action_flag": 1,
    "change_message": "[{\"added\": {}}]"
  }
},
{
  "model": "admin.logentry",
  "pk": 18,
  "fields": {
    "action_time": "2021-03-15T10:35:39.444Z",
    "user": 1,
    "content_type": 9,
    "object_id": "6",
    "object_repr": "fsdsf",
    "action_flag": 1,
    "change_message": "[{\"added\": {}}]"
  }
},
{
  "model": "admin.logentry",
  "pk": 19,
  "fields": {
    "action_time": "2021-03-15T10:35:45.670Z",
    "user": 1,
    "content_type": 9,
    "object_id": "6",
    "object_repr": "fsdsf",
    "action_flag": 3,
    "change_message": ""
  }
},
{
  "model": "admin.logentry",
  "pk": 20,
  "fields": {
    "action_time": "2021-03-15T10:35:45.821Z",
    "user": 1,
    "content_type": 9,
    "object_id": "5",
    "object_repr": "fgh",
    "action_flag": 3,
    "change_message": ""
  }
},
{
  "model": "admin.logentry",
  "pk": 21,
  "fields": {
    "action_time": "2021-03-26T07:47:06.925Z",
    "user": 1,
    "content_type": 10,
    "object_id": "1",
    "object_repr": "1. 2021-03-23:Nonedfgd ergggsgsrg  ",
    "action_flag": 1,
    "change_message": "[{\"added\": {}}]"
  }
},
{
  "model": "admin.logentry",
  "pk": 22,
  "fields": {
    "action_time": "2021-03-29T06:22:38.236Z",
    "user": 1,
    "content_type": 10,
    "object_id": "1",
    "object_repr": "1. 2021-03-23:None первый проект 1 project  ",
    "action_flag": 2,
    "change_message": "[{\"changed\": {\"fields\": [\"\\u041d\\u0430\\u0437\\u0432\\u0430\\u043d\\u0438\\u0435\", \"\\u041e\\u043f\\u0438\\u0441\\u0430\\u043d\\u0438\\u0435\"]}}]"
  }
},
{
  "model": "admin.logentry",
  "pk": 23,
  "fields": {
    "action_time": "2021-04-12T13:26:19.311Z",
    "user": 1,
    "content_type": 4,
    "object_id": "13",
    "object_repr": "4444",
    "action_flag": 2,
    "change_message": "[{\"changed\": {\"fields\": [\"User permissions\"]}}]"
  }
},
{
  "model": "admin.logentry",
  "pk": 24,
  "fields": {
    "action_time": "2021-04-14T13:29:05.384Z",
    "user": 1,
    "content_type": 3,
    "object_id": "1",
    "object_repr": "Модератор",
    "action_flag": 1,
    "change_message": "[{\"added\": {}}]"
  }
},
{
  "model": "admin.logentry",
  "pk": 25,
  "fields": {
    "action_time": "2021-04-14T13:29:12.313Z",
    "user": 1,
    "content_type": 3,
    "object_id": "1",
    "object_repr": "Модератор",
    "action_flag": 2,
    "change_message": "[]"
  }
},
{
  "model": "admin.logentry",
  "pk": 26,
  "fields": {
    "action_time": "2021-04-14T13:29:49.149Z",
    "user": 1,
    "content_type": 3,
    "object_id": "2",
    "object_repr": "Менеджер проекта",
    "action_flag": 1,
    "change_message": "[{\"added\": {}}]"
  }
},
{
  "model": "admin.logentry",
  "pk": 27,
  "fields": {
    "action_time": "2021-04-14T13:29:54.802Z",
    "user": 1,
    "content_type": 3,
    "object_id": "1",
    "object_repr": "Модератор",
    "action_flag": 3,
    "change_message": ""
  }
},
{
  "model": "admin.logentry",
  "pk": 28,
  "fields": {
    "action_time": "2021-04-14T13:30:04.693Z",
    "user": 1,
    "content_type": 3,
    "object_id": "3",
    "object_repr": "Капитан",
    "action_flag": 1,
    "change_message": "[{\"added\": {}}]"
  }
},
{
  "model": "admin.logentry",
  "pk": 29,
  "fields": {
    "action_time": "2021-04-14T13:30:13.460Z",
    "user": 1,
    "content_type": 3,
    "object_id": "4",
    "object_repr": "Разработчик",
    "action_flag": 1,
    "change_message": "[{\"added\": {}}]"
  }
},
{
  "model": "admin.logentry",
  "pk": 30,
  "fields": {
    "action_time": "2021-04-14T13:33:14.885Z",
    "user": 1,
    "content_type": 3,
    "object_id": "2",
    "object_repr": "Менеджер проекта",
    "action_flag": 2,
    "change_message": "[{\"changed\": {\"fields\": [\"Permissions\"]}}]"
  }
},
{
  "model": "admin.logentry",
  "pk": 31,
  "fields": {
    "action_time": "2021-04-14T13:34:20.576Z",
    "user": 1,
    "content_type": 3,
    "object_id": "3",
    "object_repr": "Капитан",
    "action_flag": 2,
    "change_message": "[{\"changed\": {\"fields\": [\"Permissions\"]}}]"
  }
},
{
  "model": "admin.logentry",
  "pk": 32,
  "fields": {
    "action_time": "2021-04-14T13:35:07.035Z",
    "user": 1,
    "content_type": 3,
    "object_id": "4",
    "object_repr": "Разработчик",
    "action_flag": 2,
    "change_message": "[{\"changed\": {\"fields\": [\"Permissions\"]}}]"
  }
},
{
  "model": "admin.logentry",
  "pk": 33,
  "fields": {
    "action_time": "2021-04-14T13:40:31.728Z",
    "user": 1,
    "content_type": 3,
    "object_id": "3",
    "object_repr": "Капитан",
    "action_flag": 2,
    "change_message": "[{\"changed\": {\"fields\": [\"Permissions\"]}}]"
  }
},
{
  "model": "admin.logentry",
  "pk": 34,
  "fields": {
    "action_time": "2021-04-14T13:40:41.389Z",
    "user": 1,
    "content_type": 3,
    "object_id": "2",
    "object_repr": "Менеджер проекта",
    "action_flag": 2,
    "change_message": "[{\"changed\": {\"fields\": [\"Permissions\"]}}]"
  }
},
{
  "model": "admin.logentry",
  "pk": 35,
  "fields": {
    "action_time": "2021-04-14T13:40:49.962Z",
    "user": 1,
    "content_type": 3,
    "object_id": "4",
    "object_repr": "Разработчик",
    "action_flag": 2,
    "change_message": "[{\"changed\": {\"fields\": [\"Permissions\"]}}]"
  }
},
{
  "model": "admin.logentry",
  "pk": 36,
  "fields": {
    "action_time": "2021-04-14T13:42:37.089Z",
    "user": 1,
    "content_type": 4,
    "object_id": "9",
    "object_repr": "213",
    "action_flag": 3,
    "change_message": ""
  }
},
{
  "model": "admin.logentry",
  "pk": 37,
  "fields": {
    "action_time": "2021-04-14T13:42:37.194Z",
    "user": 1,
    "content_type": 4,
    "object_id": "13",
    "object_repr": "4444",
    "action_flag": 3,
    "change_message": ""
  }
},
{
  "model": "admin.logentry",
  "pk": 38,
  "fields": {
    "action_time": "2021-04-14T13:42:37.316Z",
    "user": 1,
    "content_type": 4,
    "object_id": "2",
    "object_repr": "bekafdasfas",
    "action_flag": 3,
    "change_message": ""
  }
},
{
  "model": "admin.logentry",
  "pk": 39,
  "fields": {
    "action_time": "2021-04-14T13:42:37.427Z",
    "user": 1,
    "content_type": 4,
    "object_id": "5",
    "object_repr": "fbbfdbfd",
    "action_flag": 3,
    "change_message": ""
  }
},
{
  "model": "admin.logentry",
  "pk": 40,
  "fields": {
    "action_time": "2021-04-14T13:42:37.572Z",
    "user": 1,
    "content_type": 4,
    "object_id": "3",
    "object_repr": "qwe",
    "action_flag": 3,
    "change_message": ""
  }
},
{
  "model": "admin.logentry",
  "pk": 41,
  "fields": {
    "action_time": "2021-04-14T13:42:37.734Z",
    "user": 1,
    "content_type": 4,
    "object_id": "12",
    "object_repr": "qwe32",
    "action_flag": 3,
    "change_message": ""
  }
},
{
  "model": "admin.logentry",
  "pk": 42,
  "fields": {
    "action_time": "2021-04-14T13:42:37.859Z",
    "user": 1,
    "content_type": 4,
    "object_id": "11",
    "object_repr": "qwedasd",
    "action_flag": 3,
    "change_message": ""
  }
},
{
  "model": "admin.logentry",
  "pk": 43,
  "fields": {
    "action_time": "2021-04-14T13:42:37.980Z",
    "user": 1,
    "content_type": 4,
    "object_id": "10",
    "object_repr": "qwedsad",
    "action_flag": 3,
    "change_message": ""
  }
},
{
  "model": "admin.logentry",
  "pk": 44,
  "fields": {
    "action_time": "2021-04-14T13:42:38.103Z",
    "user": 1,
    "content_type": 4,
    "object_id": "8",
    "object_repr": "sad",
    "action_flag": 3,
    "change_message": ""
  }
},
{
  "model": "admin.logentry",
  "pk": 45,
  "fields": {
    "action_time": "2021-04-14T13:42:38.225Z",
    "user": 1,
    "content_type": 4,
    "object_id": "4",
    "object_repr": "wawea",
    "action_flag": 3,
    "change_message": ""
  }
},
{
  "model": "admin.logentry",
  "pk": 46,
  "fields": {
    "action_time": "2021-04-14T13:42:38.347Z",
    "user": 1,
    "content_type": 4,
    "object_id": "6",
    "object_repr": "wqeqweqw",
    "action_flag": 3,
    "change_message": ""
  }
},
{
  "model": "admin.logentry",
  "pk": 47,
  "fields": {
    "action_time": "2021-04-14T13:42:38.470Z",
    "user": 1,
    "content_type": 4,
    "object_id": "7",
    "object_repr": "ывафыв",
    "action_flag": 3,
    "change_message": ""
  }
},
{
  "model": "admin.logentry",
  "pk": 48,
  "fields": {
    "action_time": "2021-04-14T13:43:11.351Z",
    "user": 1,
    "content_type": 4,
    "object_id": "14",
    "object_repr": "manager",
    "action_flag": 1,
    "change_message": "[{\"added\": {}}]"
  }
},
{
  "model": "admin.logentry",
  "pk": 49,
  "fields": {
    "action_time": "2021-04-14T13:45:03.964Z",
    "user": 1,
    "content_type": 4,
    "object_id": "14",
    "object_repr": "manager",
    "action_flag": 2,
    "change_message": "[{\"changed\": {\"fields\": [\"First name\", \"Email address\", \"User permissions\"]}}]"
  }
},
{
  "model": "admin.logentry",
  "pk": 50,
  "fields": {
    "action_time": "2021-04-14T13:46:04.879Z",
    "user": 1,
    "content_type": 4,
    "object_id": "14",
    "object_repr": "manager",
    "action_flag": 2,
    "change_message": "[{\"changed\": {\"fields\": [\"Groups\"]}}]"
  }
},
{
  "model": "admin.logentry",
  "pk": 51,
  "fields": {
    "action_time": "2021-04-14T13:46:27.578Z",
    "user": 1,
    "content_type": 4,
    "object_id": "15",
    "object_repr": "lead",
    "action_flag": 1,
    "change_message": "[{\"added\": {}}]"
  }
},
{
  "model": "admin.logentry",
  "pk": 52,
  "fields": {
    "action_time": "2021-04-14T13:47:04.883Z",
    "user": 1,
    "content_type": 4,
    "object_id": "15",
    "object_repr": "lead",
    "action_flag": 2,
    "change_message": "[{\"changed\": {\"fields\": [\"First name\", \"Email address\", \"Groups\", \"User permissions\"]}}]"
  }
},
{
  "model": "admin.logentry",
  "pk": 53,
  "fields": {
    "action_time": "2021-04-14T13:47:18.223Z",
    "user": 1,
    "content_type": 4,
    "object_id": "16",
    "object_repr": "dev",
    "action_flag": 1,
    "change_message": "[{\"added\": {}}]"
  }
},
{
  "model": "admin.logentry",
  "pk": 54,
  "fields": {
    "action_time": "2021-04-14T13:47:48.484Z",
    "user": 1,
    "content_type": 4,
    "object_id": "16",
    "object_repr": "dev",
    "action_flag": 2,
    "change_message": "[{\"changed\": {\"fields\": [\"First name\", \"Email address\", \"Groups\", \"User permissions\"]}}]"
  }
},
{
  "model": "admin.logentry",
  "pk": 55,
  "fields": {
    "action_time": "2021-04-14T13:48:36.485Z",
    "user": 1,
    "content_type": 4,
    "object_id": "16",
    "object_repr": "dev",
    "action_flag": 2,
    "change_message": "[{\"changed\": {\"fields\": [\"Staff status\"]}}]"
  }
},
{
  "model": "admin.logentry",
  "pk": 56,
  "fields": {
    "action_time": "2021-04-14T13:48:53.458Z",
    "user": 1,
    "content_type": 4,
    "object_id": "15",
    "object_repr": "lead",
    "action_flag": 2,
    "change_message": "[{\"changed\": {\"fields\": [\"Staff status\"]}}]"
  }
},
{
  "model": "admin.logentry",
  "pk": 57,
  "fields": {
    "action_time": "2021-04-14T13:48:59.378Z",
    "user": 1,
    "content_type": 4,
    "object_id": "14",
    "object_repr": "manager",
    "action_flag": 2,
    "change_message": "[{\"changed\": {\"fields\": [\"Staff status\"]}}]"
  }
},
{
  "model": "admin.logentry",
  "pk": 58,
  "fields": {
    "action_time": "2021-04-15T08:31:47.840Z",
    "user": 1,
    "content_type": 3,
    "object_id": "4",
    "object_repr": "Разработчик",
    "action_flag": 2,
    "change_message": "[{\"changed\": {\"fields\": [\"Permissions\"]}}]"
  }
},
{
  "model": "admin.logentry",
  "pk": 59,
  "fields": {
    "action_time": "2021-04-15T08:32:01.190Z",
    "user": 1,
    "content_type": 4,
    "object_id": "16",
    "object_repr": "dev",
    "action_flag": 2,
    "change_message": "[{\"changed\": {\"fields\": [\"User permissions\"]}}]"
  }
},
{
  "model": "admin.logentry",
  "pk": 60,
  "fields": {
    "action_time": "2021-04-15T09:42:02.379Z",
    "user": 1,
    "content_type": 3,
    "object_id": "3",
    "object_repr": "Капитан",
    "action_flag": 2,
    "change_message": "[]"
  }
},
{
  "model": "admin.logentry",
  "pk": 61,
  "fields": {
    "action_time": "2021-04-15T09:48:21.650Z",
    "user": 1,
    "content_type": 10,
    "object_id": "3",
    "object_repr": "3.3 project dasds 2019-09-05:None,auth.User.None ",
    "action_flag": 2,
    "change_message": "[{\"changed\": {\"fields\": [\"\\u041f\\u043e\\u043b\\u044c\\u0437\\u043e\\u0432\\u0430\\u0442\\u0435\\u043b\\u044c\"]}}]"
  }
},
{
  "model": "admin.logentry",
  "pk": 62,
  "fields": {
    "action_time": "2021-04-15T09:50:01.852Z",
    "user": 14,
    "content_type": 10,
    "object_id": "13",
    "object_repr": "13.sjfdsfsd1111 agfdfdg 2021-03-04:None,auth.User.None ",
    "action_flag": 2,
    "change_message": "[{\"changed\": {\"fields\": [\"\\u041f\\u043e\\u043b\\u044c\\u0437\\u043e\\u0432\\u0430\\u0442\\u0435\\u043b\\u044c\"]}}]"
  }
},
{
  "model": "admin.logentry",
  "pk": 63,
  "fields": {
    "action_time": "2021-04-15T09:50:06.671Z",
    "user": 14,
    "content_type": 10,
    "object_id": "12",
    "object_repr": "12.dsfasdf dsafasfsa 2021-03-03:None,auth.User.None ",
    "action_flag": 2,
    "change_message": "[{\"changed\": {\"fields\": [\"\\u041f\\u043e\\u043b\\u044c\\u0437\\u043e\\u0432\\u0430\\u0442\\u0435\\u043b\\u044c\"]}}]"
  }
},
{
  "model": "admin.logentry",
  "pk": 64,
  "fields": {
    "action_time": "2021-04-15T09:50:13.097Z",
    "user": 14,
    "content_type": 10,
    "object_id": "10",
    "object_repr": "10.bekaff gdfdfgdffdfsf33 2019-02-03:None,auth.User.None ",
    "action_flag": 2,
    "change_message": "[{\"changed\": {\"fields\": [\"\\u041f\\u043e\\u043b\\u044c\\u0437\\u043e\\u0432\\u0430\\u0442\\u0435\\u043b\\u044c\"]}}]"
  }
},
{
  "model": "admin.logentry",
  "pk": 65,
  "fields": {
    "action_time": "2021-04-15T09:50:19.262Z",
    "user": 14,
    "content_type": 10,
    "object_id": "9",
    "object_repr": "9.выаываыв выаываыв 2021-05-09:None,auth.User.None ",
    "action_flag": 2,
    "change_message": "[{\"changed\": {\"fields\": [\"\\u041f\\u043e\\u043b\\u044c\\u0437\\u043e\\u0432\\u0430\\u0442\\u0435\\u043b\\u044c\"]}}]"
  }
},
{
  "model": "admin.logentry",
  "pk": 66,
  "fields": {
    "action_time": "2021-04-15T09:50:24.895Z",
    "user": 14,
    "content_type": 10,
    "object_id": "1",
    "object_repr": "1.первый проект 1 project 2021-03-23:None,auth.User.None ",
    "action_flag": 2,
    "change_message": "[{\"changed\": {\"fields\": [\"\\u041f\\u043e\\u043b\\u044c\\u0437\\u043e\\u0432\\u0430\\u0442\\u0435\\u043b\\u044c\"]}}]"
  }
},
{
  "model": "admin.logentry",
  "pk": 67,
  "fields": {
    "action_time": "2021-04-15T09:50:29.598Z",
    "user": 14,
    "content_type": 10,
    "object_id": "2",
    "object_repr": "2.dsfsdfssfsd sdfs 2019-03-08:None,auth.User.None ",
    "action_flag": 2,
    "change_message": "[{\"changed\": {\"fields\": [\"\\u041f\\u043e\\u043b\\u044c\\u0437\\u043e\\u0432\\u0430\\u0442\\u0435\\u043b\\u044c\"]}}]"
  }
},
{
  "model": "admin.logentry",
  "pk": 68,
  "fields": {
    "action_time": "2021-04-15T09:50:33.951Z",
    "user": 14,
    "content_type": 10,
    "object_id": "3",
    "object_repr": "3.3 project dasds 2019-09-05:None,auth.User.None ",
    "action_flag": 2,
    "change_message": "[{\"changed\": {\"fields\": [\"\\u041f\\u043e\\u043b\\u044c\\u0437\\u043e\\u0432\\u0430\\u0442\\u0435\\u043b\\u044c\"]}}]"
  }
},
{
  "model": "admin.logentry",
  "pk": 69,
  "fields": {
    "action_time": "2021-04-15T09:50:38.547Z",
    "user": 14,
    "content_type": 10,
    "object_id": "5",
    "object_repr": "5.аывафы аываыф 2020-03-03:None,auth.User.None ",
    "action_flag": 2,
    "change_message": "[{\"changed\": {\"fields\": [\"\\u041f\\u043e\\u043b\\u044c\\u0437\\u043e\\u0432\\u0430\\u0442\\u0435\\u043b\\u044c\"]}}]"
  }
},
{
  "model": "admin.logentry",
  "pk": 70,
  "fields": {
    "action_time": "2021-04-15T09:50:45.159Z",
    "user": 14,
    "content_type": 10,
    "object_id": "7",
    "object_repr": "7.апывпвыа ваыпывапыв 2019-03-03:None,auth.User.None ",
    "action_flag": 2,
    "change_message": "[{\"changed\": {\"fields\": [\"\\u041f\\u043e\\u043b\\u044c\\u0437\\u043e\\u0432\\u0430\\u0442\\u0435\\u043b\\u044c\"]}}]"
  }
},
{
  "model": "admin.logentry",
  "pk": 71,
  "fields": {
    "action_time": "2021-04-15T09:50:49.350Z",
    "user": 14,
    "content_type": 10,
    "object_id": "8",
    "object_repr": "8.ввапатрппроп парапрварвапра 2019-03-06:None,auth.User.None ",
    "action_flag": 2,
    "change_message": "[{\"changed\": {\"fields\": [\"\\u041f\\u043e\\u043b\\u044c\\u0437\\u043e\\u0432\\u0430\\u0442\\u0435\\u043b\\u044c\"]}}]"
  }
},
{
  "model": "admin.logentry",
  "pk": 72,
  "fields": {
    "action_time": "2021-04-15T09:50:52.464Z",
    "user": 14,
    "content_type": 10,
    "object_id": "9",
    "object_repr": "9.выаываыв выаываыв 2021-05-09:None,auth.User.None ",
    "action_flag": 2,
    "change_message": "[]"
  }
},
{
  "model": "admin.logentry",
  "pk": 73,
  "fields": {
    "action_time": "2021-04-15T10:01:52.728Z",
    "user": 14,
    "content_type": 10,
    "object_id": "13",
    "object_repr": "13.sjfdsfsd1111 agfdfdg 2021-03-04:None,auth.User.None ",
    "action_flag": 2,
    "change_message": "[]"
  }
},
{
  "model": "auth.permission",
  "pk": 1,
  "fields": {
    "name": "Can add log entry",
    "content_type": 1,
    "codename": "add_logentry"
  }
},
{
  "model": "auth.permission",
  "pk": 2,
  "fields": {
    "name": "Can change log entry",
    "content_type": 1,
    "codename": "change_logentry"
  }
},
{
  "model": "auth.permission",
  "pk": 3,
  "fields": {
    "name": "Can delete log entry",
    "content_type": 1,
    "codename": "delete_logentry"
  }
},
{
  "model": "auth.permission",
  "pk": 4,
  "fields": {
    "name": "Can view log entry",
    "content_type": 1,
    "codename": "view_logentry"
  }
},
{
  "model": "auth.permission",
  "pk": 5,
  "fields": {
    "name": "Can add permission",
    "content_type": 2,
    "codename": "add_permission"
  }
},
{
  "model": "auth.permission",
  "pk": 6,
  "fields": {
    "name": "Can change permission",
    "content_type": 2,
    "codename": "change_permission"
  }
},
{
  "model": "auth.permission",
  "pk": 7,
  "fields": {
    "name": "Can delete permission",
    "content_type": 2,
    "codename": "delete_permission"
  }
},
{
  "model": "auth.permission",
  "pk": 8,
  "fields": {
    "name": "Can view permission",
    "content_type": 2,
    "codename": "view_permission"
  }
},
{
  "model": "auth.permission",
  "pk": 9,
  "fields": {
    "name": "Can add group",
    "content_type": 3,
    "codename": "add_group"
  }
},
{
  "model": "auth.permission",
  "pk": 10,
  "fields": {
    "name": "Can change group",
    "content_type": 3,
    "codename": "change_group"
  }
},
{
  "model": "auth.permission",
  "pk": 11,
  "fields": {
    "name": "Can delete group",
    "content_type": 3,
    "codename": "delete_group"
  }
},
{
  "model": "auth.permission",
  "pk": 12,
  "fields": {
    "name": "Can view group",
    "content_type": 3,
    "codename": "view_group"
  }
},
{
  "model": "auth.permission",
  "pk": 13,
  "fields": {
    "name": "Can add user",
    "content_type": 4,
    "codename": "add_user"
  }
},
{
  "model": "auth.permission",
  "pk": 14,
  "fields": {
    "name": "Can change user",
    "content_type": 4,
    "codename": "change_user"
  }
},
{
  "model": "auth.permission",
  "pk": 15,
  "fields": {
    "name": "Can delete user",
    "content_type": 4,
    "codename": "delete_user"
  }
},
{
  "model": "auth.permission",
  "pk": 16,
  "fields": {
    "name": "Can view user",
    "content_type": 4,
    "codename": "view_user"
  }
},
{
  "model": "auth.permission",
  "pk": 17,
  "fields": {
    "name": "Can add content type",
    "content_type": 5,
    "codename": "add_contenttype"
  }
},
{
  "model": "auth.permission",
  "pk": 18,
  "fields": {
    "name": "Can change content type",
    "content_type": 5,
    "codename": "change_contenttype"
  }
},
{
  "model": "auth.permission",
  "pk": 19,
  "fields": {
    "name": "Can delete content type",
    "content_type": 5,
    "codename": "delete_contenttype"
  }
},
{
  "model": "auth.permission",
  "pk": 20,
  "fields": {
    "name": "Can view content type",
    "content_type": 5,
    "codename": "view_contenttype"
  }
},
{
  "model": "auth.permission",
  "pk": 21,
  "fields": {
    "name": "Can add session",
    "content_type": 6,
    "codename": "add_session"
  }
},
{
  "model": "auth.permission",
  "pk": 22,
  "fields": {
    "name": "Can change session",
    "content_type": 6,
    "codename": "change_session"
  }
},
{
  "model": "auth.permission",
  "pk": 23,
  "fields": {
    "name": "Can delete session",
    "content_type": 6,
    "codename": "delete_session"
  }
},
{
  "model": "auth.permission",
  "pk": 24,
  "fields": {
    "name": "Can view session",
    "content_type": 6,
    "codename": "view_session"
  }
},
{
  "model": "auth.permission",
  "pk": 25,
  "fields": {
    "name": "Can add задача",
    "content_type": 7,
    "codename": "add_tracer"
  }
},
{
  "model": "auth.permission",
  "pk": 26,
  "fields": {
    "name": "Can change задача",
    "content_type": 7,
    "codename": "change_tracer"
  }
},
{
  "model": "auth.permission",
  "pk": 27,
  "fields": {
    "name": "Can delete задача",
    "content_type": 7,
    "codename": "delete_tracer"
  }
},
{
  "model": "auth.permission",
  "pk": 28,
  "fields": {
    "name": "Can view задача",
    "content_type": 7,
    "codename": "view_tracer"
  }
},
{
  "model": "auth.permission",
  "pk": 29,
  "fields": {
    "name": "Can add category",
    "content_type": 8,
    "codename": "add_category"
  }
},
{
  "model": "auth.permission",
  "pk": 30,
  "fields": {
    "name": "Can change category",
    "content_type": 8,
    "codename": "change_category"
  }
},
{
  "model": "auth.permission",
  "pk": 31,
  "fields": {
    "name": "Can delete category",
    "content_type": 8,
    "codename": "delete_category"
  }
},
{
  "model": "auth.permission",
  "pk": 32,
  "fields": {
    "name": "Can view category",
    "content_type": 8,
    "codename": "view_category"
  }
},
{
  "model": "auth.permission",
  "pk": 33,
  "fields": {
    "name": "Can add type",
    "content_type": 9,
    "codename": "add_type"
  }
},
{
  "model": "auth.permission",
  "pk": 34,
  "fields": {
    "name": "Can change type",
    "content_type": 9,
    "codename": "change_type"
  }
},
{
  "model": "auth.permission",
  "pk": 35,
  "fields": {
    "name": "Can delete type",
    "content_type": 9,
    "codename": "delete_type"
  }
},
{
  "model": "auth.permission",
  "pk": 36,
  "fields": {
    "name": "Can view type",
    "content_type": 9,
    "codename": "view_type"
  }
},
{
  "model": "auth.permission",
  "pk": 37,
  "fields": {
    "name": "Can add status",
    "content_type": 8,
    "codename": "add_status"
  }
},
{
  "model": "auth.permission",
  "pk": 38,
  "fields": {
    "name": "Can change status",
    "content_type": 8,
    "codename": "change_status"
  }
},
{
  "model": "auth.permission",
  "pk": 39,
  "fields": {
    "name": "Can delete status",
    "content_type": 8,
    "codename": "delete_status"
  }
},
{
  "model": "auth.permission",
  "pk": 40,
  "fields": {
    "name": "Can view status",
    "content_type": 8,
    "codename": "view_status"
  }
},
{
  "model": "auth.permission",
  "pk": 41,
  "fields": {
    "name": "Can add project",
    "content_type": 10,
    "codename": "add_project"
  }
},
{
  "model": "auth.permission",
  "pk": 42,
  "fields": {
    "name": "Can change project",
    "content_type": 10,
    "codename": "change_project"
  }
},
{
  "model": "auth.permission",
  "pk": 43,
  "fields": {
    "name": "Can delete project",
    "content_type": 10,
    "codename": "delete_project"
  }
},
{
  "model": "auth.permission",
  "pk": 44,
  "fields": {
    "name": "Can view project",
    "content_type": 10,
    "codename": "view_project"
  }
},
{
  "model": "auth.permission",
  "pk": 45,
  "fields": {
    "name": "добавлять,удалять,изменять",
    "content_type": 10,
    "codename": "add_delete_change"
  }
},
{
  "model": "auth.group",
  "pk": 2,
  "fields": {
    "name": "Менеджер проекта",
    "permissions": [
      45,
      41,
      42,
      43,
      25,
      26,
      27
    ]
  }
},
{
  "model": "auth.group",
  "pk": 3,
  "fields": {
    "name": "Капитан",
    "permissions": [
      45,
      41,
      42,
      43,
      25,
      26,
      27
    ]
  }
},
{
  "model": "auth.group",
  "pk": 4,
  "fields": {
    "name": "Разработчик",
    "permissions": [
      45,
      25,
      26
    ]
  }
},
{
  "model": "auth.user",
  "pk": 1,
  "fields": {
    "password": "pbkdf2_sha256$216000$OhrVFVMZlo46$m6BOfUzNLzrwY6v4JtZKhXoBT4JbF5JWGo4x4ngw5vM=",
    "last_login": "2021-04-15T10:47:29.331Z",
    "is_superuser": true,
    "username": "admin",
    "first_name": "",
    "last_name": "",
    "email": "admin@admin.com",
    "is_staff": true,
    "is_active": true,
    "date_joined": "2021-03-09T10:13:41.181Z",
    "groups": [],
    "user_permissions": []
  }
},
{
  "model": "auth.user",
  "pk": 14,
  "fields": {
    "password": "pbkdf2_sha256$216000$R7jVdcUvWs0R$jkceAU9AKZvVdMSQ231F/H9F1d/6RhlnSxT3chgHTa0=",
    "last_login": "2021-04-15T10:48:06.256Z",
    "is_superuser": false,
    "username": "manager",
    "first_name": "Beka",
    "last_name": "",
    "email": "beka@beka.ru",
    "is_staff": true,
    "is_active": true,
    "date_joined": "2021-04-14T13:43:11Z",
    "groups": [
      2
    ],
    "user_permissions": [
      45,
      41,
      42,
      43,
      25,
      26,
      27
    ]
  }
},
{
  "model": "auth.user",
  "pk": 15,
  "fields": {
    "password": "pbkdf2_sha256$216000$G9dOCEwErwrn$MZucVu6y4Nn2scC+/X58Hqi7YbJ3etA0Cl1GMUvaazs=",
    "last_login": "2021-04-14T13:59:11.917Z",
    "is_superuser": false,
    "username": "lead",
    "first_name": "lead",
    "last_name": "",
    "email": "lead@lead.ru",
    "is_staff": true,
    "is_active": true,
    "date_joined": "2021-04-14T13:46:27Z",
    "groups": [
      3
    ],
    "user_permissions": [
      45,
      41,
      42,
      43,
      25,
      26,
      27
    ]
  }
},
{
  "model": "auth.user",
  "pk": 16,
  "fields": {
    "password": "pbkdf2_sha256$216000$cMPqisfJq0Uk$M4us1SjYe0IMTXHAg+33f7BLAtV0ISvX7VTVry35GYQ=",
    "last_login": "2021-04-15T08:30:11Z",
    "is_superuser": false,
    "username": "dev",
    "first_name": "dev",
    "last_name": "",
    "email": "dev@dev.ru",
    "is_staff": true,
    "is_active": true,
    "date_joined": "2021-04-14T13:47:18Z",
    "groups": [
      4
    ],
    "user_permissions": [
      45,
      25,
      26
    ]
  }
},
{
  "model": "contenttypes.contenttype",
  "pk": 1,
  "fields": {
    "app_label": "admin",
    "model": "logentry"
  }
},
{
  "model": "contenttypes.contenttype",
  "pk": 2,
  "fields": {
    "app_label": "auth",
    "model": "permission"
  }
},
{
  "model": "contenttypes.contenttype",
  "pk": 3,
  "fields": {
    "app_label": "auth",
    "model": "group"
  }
},
{
  "model": "contenttypes.contenttype",
  "pk": 4,
  "fields": {
    "app_label": "auth",
    "model": "user"
  }
},
{
  "model": "contenttypes.contenttype",
  "pk": 5,
  "fields": {
    "app_label": "contenttypes",
    "model": "contenttype"
  }
},
{
  "model": "contenttypes.contenttype",
  "pk": 6,
  "fields": {
    "app_label": "sessions",
    "model": "session"
  }
},
{
  "model": "contenttypes.contenttype",
  "pk": 7,
  "fields": {
    "app_label": "webapp",
    "model": "tracer"
  }
},
{
  "model": "contenttypes.contenttype",
  "pk": 8,
  "fields": {
    "app_label": "webapp",
    "model": "status"
  }
},
{
  "model": "contenttypes.contenttype",
  "pk": 9,
  "fields": {
    "app_label": "webapp",
    "model": "type"
  }
},
{
  "model": "contenttypes.contenttype",
  "pk": 10,
  "fields": {
    "app_label": "webapp",
    "model": "project"
  }
},
{
  "model": "sessions.session",
  "pk": "05fnk7t7zfqf87d0lgme62timgejfn62",
  "fields": {
    "session_data": ".eJxVjEEOwiAQRe_C2pBBsIwu3fcMZGAGqRpISrsy3l2bdKHb_977LxVoXUpYu8xhYnVRRh1-t0jpIXUDfKd6azq1usxT1Juid9r12Fie1939OyjUy7c-Z4cU04A-e4-ZvVhn2BsTAbMcQUgSD4mAHFkGETCYhMFiBksnp94fAj44tw:1lOE1X:DPEXhjv6Im1oq5OBf3aBx_aqQhfwyKFYPUZ8NOCuoF4",
    "expire_date": "2021-04-05T06:26:47.141Z"
  }
},
{
  "model": "sessions.session",
  "pk": "2dsrlpabvq2x9vimj5eh8pb4fas3ytm0",
  "fields": {
    "session_data": "e30:1lVswN:LEcW76qQsoiU4J4Y-CRgnolZMYkArU4Av61gnJutL2s",
    "expire_date": "2021-04-26T09:33:07.013Z"
  }
},
{
  "model": "sessions.session",
  "pk": "3sn3ojsr2z5q3s8oy1vvyci3aptr5038",
  "fields": {
    "session_data": ".eJxVjEEOwiAQRe_C2pBBsIwu3fcMZGAGqRpISrsy3l2bdKHb_977LxVoXUpYu8xhYnVRRh1-t0jpIXUDfKd6azq1usxT1Juid9r12Fie1939OyjUy7c-Z4cU04A-e4-ZvVhn2BsTAbMcQUgSD4mAHFkGETCYhMFiBksnp94fAj44tw:1lQncG:fRYCxmNsyzZ2QMYjP4Gfz6lOERc3giE20NUiJZ9dnHI",
    "expire_date": "2021-04-12T08:51:20.411Z"
  }
},
{
  "model": "sessions.session",
  "pk": "4hd7snmickv76pqr3w6993o4lc5m6yq4",
  "fields": {
    "session_data": ".eJxVjEEOwiAQRe_C2pBBsIwu3fcMZGAGqRpISrsy3l2bdKHb_977LxVoXUpYu8xhYnVRRh1-t0jpIXUDfKd6azq1usxT1Juid9r12Fie1939OyjUy7c-Z4cU04A-e4-ZvVhn2BsTAbMcQUgSD4mAHFkGETCYhMFiBksnp94fAj44tw:1lVwXu:bfmMyWG6m80VUtaFdm1IUrA7TNs5AZyurKraBm95IIw",
    "expire_date": "2021-04-26T13:24:06.513Z"
  }
},
{
  "model": "sessions.session",
  "pk": "6c6wqrydox0280inbac2uco7cnqgw0iw",
  "fields": {
    "session_data": "e30:1lUQvf:vy7Yyjx4_5L-Db82LZR01zuKbqYScR-yiUKhZSIAg8Y",
    "expire_date": "2021-04-22T09:26:23.924Z"
  }
},
{
  "model": "sessions.session",
  "pk": "7p00sxho2xnt0y9v1dctbl7vxkgdhsq2",
  "fields": {
    "session_data": ".eJxVjEEOwiAQRe_C2pBBsIwu3fcMZGAGqRpISrsy3l2bdKHb_977LxVoXUpYu8xhYnVRRh1-t0jpIXUDfKd6azq1usxT1Juid9r12Fie1939OyjUy7c-Z4cU04A-e4-ZvVhn2BsTAbMcQUgSD4mAHFkGETCYhMFiBksnp94fAj44tw:1lPhAx:3VKRsB3zgpoPLusVO2Z3jjs2d-TVSHicz88LFIIuhgA",
    "expire_date": "2021-04-09T07:46:35.487Z"
  }
},
{
  "model": "sessions.session",
  "pk": "8zkuf88z2k78dtn81nj1n7vv68fgyu3y",
  "fields": {
    "session_data": ".eJxVjMEOwiAQRP-FsyEUWGg9eu83kF1gpWpoUtqT8d9tkx70OPPezFsE3NYStpaXMCVxFZ0Vl9-SMD5zPUh6YL3PMs51XSaShyJP2uQ4p_y6ne7fQcFW9vUQ0RnNA_teJxMVapfJGuPZcrTEbAEUEOqe_B4hWqec7lL2RA4IxOcLFQ04ZQ:1lWg3B:aqjCu7N6YaCmQSXYi6vlqElxi9fbdZG0y6SoPo7Hj0Q",
    "expire_date": "2021-04-28T13:59:25.073Z"
  }
},
{
  "model": "sessions.session",
  "pk": "dhn8b19ws2ozpoam3407u1dwjsajwi40",
  "fields": {
    "session_data": "e30:1lVvYm:fq3JUWaisUKbPQng1ngRNSBuQ-hTIOjrpzqEZ7_raYI",
    "expire_date": "2021-04-26T12:20:56.366Z"
  }
},
{
  "model": "sessions.session",
  "pk": "f2to0rqcdhvxpx7275iivd8q0hdx7anx",
  "fields": {
    "session_data": ".eJxVjMEOwiAQRP-FsyEUWGg9eu83kF1gpWpoUtqT8d9tkx70OPPezFsE3NYStpaXMCVxFZ0Vl9-SMD5zPUh6YL3PMs51XSaShyJP2uQ4p_y6ne7fQcFW9vUQ0RnNA_teJxMVapfJGuPZcrTEbAEUEOqe_B4hWqec7lL2RA4IxOcLFQ04ZQ:1lWzXa:qGdpXU2Lwlt86AU17tPgRrcQ9LD2d0O7rWGBa5MWOnQ",
    "expire_date": "2021-04-29T10:48:06.389Z"
  }
},
{
  "model": "sessions.session",
  "pk": "hsb8eexets12gviqg7unvby2kb3ltilw",
  "fields": {
    "session_data": "e30:1lVt2o:Q6Srv0iEZ1zyNk1W73xIV9MQq0OWbpfbguVKuXKUWAI",
    "expire_date": "2021-04-26T09:39:46.650Z"
  }
},
{
  "model": "sessions.session",
  "pk": "o9wehr7ca89vvt95k7zpxaer1anri0bt",
  "fields": {
    "session_data": ".eJxVjEEOwiAQRe_C2pBBsIwu3fcMZGAGqRpISrsy3l2bdKHb_977LxVoXUpYu8xhYnVRRh1-t0jpIXUDfKd6azq1usxT1Juid9r12Fie1939OyjUy7c-Z4cU04A-e4-ZvVhn2BsTAbMcQUgSD4mAHFkGETCYhMFiBksnp94fAj44tw:1lJZhs:GS5mUjxEvHF_uW_iZPtDXAuQ5WlS-7XhdrWG3vFkyA0",
    "expire_date": "2021-03-23T10:35:16.356Z"
  }
},
{
  "model": "sessions.session",
  "pk": "p371y9bth61kqelvs9ul4fis2apwxuhp",
  "fields": {
    "session_data": "e30:1lVt4X:7l2qCABPHrJ6im_pt45V3j8HulUF40t8MEe3N3FzEzY",
    "expire_date": "2021-04-26T09:41:33.379Z"
  }
},
{
  "model": "sessions.session",
  "pk": "p7cam0xopffti2ocp23scp5vndvdskoq",
  "fields": {
    "session_data": ".eJxVjEEOwiAQRe_C2pBBsIwu3fcMZGAGqRpISrsy3l2bdKHb_977LxVoXUpYu8xhYnVRRh1-t0jpIXUDfKd6azq1usxT1Juid9r12Fie1939OyjUy7c-Z4cU04A-e4-ZvVhn2BsTAbMcQUgSD4mAHFkGETCYhMFiBksnp94fAj44tw:1lVtdP:eDYkE9nmykpJQAmPPuJUV9gnQXM0EALvdFWG0SNutbU",
    "expire_date": "2021-04-26T10:17:35.654Z"
  }
},
{
  "model": "sessions.session",
  "pk": "q4yq6rzhhhr1fwpixbeaykk3cfzswcas",
  "fields": {
    "session_data": ".eJxVjEEOwiAQRe_C2pBBsIwu3fcMZGAGqRpISrsy3l2bdKHb_977LxVoXUpYu8xhYnVRRh1-t0jpIXUDfKd6azq1usxT1Juid9r12Fie1939OyjUy7c-Z4cU04A-e4-ZvVhn2BsTAbMcQUgSD4mAHFkGETCYhMFiBksnp94fAj44tw:1lWfwH:uFWpNQeWz_uupSop35uqS_-zg_Uvh-qR5PID1m4e_OQ",
    "expire_date": "2021-04-28T13:52:17.788Z"
  }
},
{
  "model": "sessions.session",
  "pk": "rlxdo56zztne9o052oebn4gthaendudv",
  "fields": {
    "session_data": ".eJxVjEEOwiAQRe_C2pBBsIwu3fcMZGAGqRpISrsy3l2bdKHb_977LxVoXUpYu8xhYnVRRh1-t0jpIXUDfKd6azq1usxT1Juid9r12Fie1939OyjUy7c-Z4cU04A-e4-ZvVhn2BsTAbMcQUgSD4mAHFkGETCYhMFiBksnp94fAj44tw:1lWeUL:ND6GX7qaLRvEeu0rkzYFMubrhk-RDWPeWvHIppmzhxw",
    "expire_date": "2021-04-28T12:19:21.263Z"
  }
},
{
  "model": "sessions.session",
  "pk": "ytwxzn6cj67skpns35hqfmxp8uog9lbn",
  "fields": {
    "session_data": ".eJxVjEEOwiAQRe_C2pBBsIwu3fcMZGAGqRpISrsy3l2bdKHb_977LxVoXUpYu8xhYnVRRh1-t0jpIXUDfKd6azq1usxT1Juid9r12Fie1939OyjUy7c-Z4cU04A-e4-ZvVhn2BsTAbMcQUgSD4mAHFkGETCYhMFiBksnp94fAj44tw:1lWfZS:D1lmYCcljmE8WFPWinhRgMqb1xSOfgswNsYWhY-2BTA",
    "expire_date": "2021-04-28T13:28:42.505Z"
  }
},
{
  "model": "webapp.status",
  "pk": 2,
  "fields": {
    "name": "New"
  }
},
{
  "model": "webapp.status",
  "pk": 3,
  "fields": {
    "name": "In Progress"
  }
},
{
  "model": "webapp.status",
  "pk": 4,
  "fields": {
    "name": "Done"
  }
},
{
  "model": "webapp.type",
  "pk": 1,
  "fields": {
    "name": "New"
  }
},
{
  "model": "webapp.type",
  "pk": 2,
  "fields": {
    "name": "Task"
  }
},
{
  "model": "webapp.type",
  "pk": 3,
  "fields": {
    "name": "Bug"
  }
},
{
  "model": "webapp.type",
  "pk": 4,
  "fields": {
    "name": "Enhancement"
  }
},
{
  "model": "webapp.tracer",
  "pk": 1,
  "fields": {
    "surname": "buy a car",
    "description": "Audi a4 2018 год",
    "status": 3,
    "created_at": "2021-03-09T10:29:26.766Z",
    "updated_at": "2021-03-29T09:47:08.272Z",
    "project": 1,
    "type": [
      2
    ]
  }
},
{
  "model": "webapp.tracer",
  "pk": 2,
  "fields": {
    "surname": "купить телефон",
    "description": "samsung s20s",
    "status": 4,
    "created_at": "2021-03-09T10:30:32.646Z",
    "updated_at": "2021-03-29T09:22:24.147Z",
    "project": 1,
    "type": [
      3
    ]
  }
},
{
  "model": "webapp.tracer",
  "pk": 4,
  "fields": {
    "surname": "купить машин",
    "description": "Год выпуска1993\r\nПробег113 500 км\r\nКузовседан\r\nЦвет серебристый\r\nДвигатель4.0 л. / бензин\r\nКоробкаавтомат\r\nПриводзадний\r\nРульслева\r\nСостояниеновое\r\nТаможняне растаможен\r\nНаличие\r\nПрочеесвежепригнан, налог уплачен, техосмотр пройден, вложений не требует",
    "status": 4,
    "created_at": "2021-03-09T10:34:21.202Z",
    "updated_at": "2021-03-15T10:26:20.244Z",
    "project": 1,
    "type": [
      1
    ]
  }
},
{
  "model": "webapp.tracer",
  "pk": 5,
  "fields": {
    "surname": "купить телефон",
    "description": "Рос С3\r\nНовый смартфон Рос С3, почти ничем не отличается от вышедшего ранее Redmi 9C.\r\nУ двух телефонов много общего: IPS-экран, имеющий диагональ 6,53 дюйма при разрешении HD+, камера 13 Мп, а также емкость аккумулятора в 5000 мАч. Одинакова и однокристальная платформа MediaTek Heilo G35 с частотой 2,3 ГГц, которая поддерживает Wi-Fi 5, Bluetooth 5.0, GPS+ и многое другое.\r\n\r\nОтличаются Росо С3 и Redmi 9C показателем дополнительного блока камеры: 2 и 5 Мп соответственно. Так же у них разное цветовое оформление и память. Новинка имеет 3 (4) Гб оперативной памяти и 32 (64) Гб флеш-памяти.",
    "status": 2,
    "created_at": "2021-03-09T10:35:15.973Z",
    "updated_at": "2021-03-15T10:26:28.844Z",
    "project": 1,
    "type": [
      2
    ]
  }
},
{
  "model": "webapp.tracer",
  "pk": 8,
  "fields": {
    "surname": "buy a bug",
    "description": "sfadas",
    "status": 2,
    "created_at": "2021-03-15T10:40:16.347Z",
    "updated_at": "2021-03-22T07:58:21.771Z",
    "project": 1,
    "type": [
      2,
      3,
      4
    ]
  }
},
{
  "model": "webapp.tracer",
  "pk": 9,
  "fields": {
    "surname": "bug532",
    "description": "3sdfs",
    "status": 4,
    "created_at": "2021-03-17T11:21:52.856Z",
    "updated_at": "2021-03-22T07:57:38.787Z",
    "project": 1,
    "type": [
      2,
      3,
      4
    ]
  }
},
{
  "model": "webapp.tracer",
  "pk": 10,
  "fields": {
    "surname": "BUG phone",
    "description": "fd",
    "status": 2,
    "created_at": "2021-03-18T10:13:06.057Z",
    "updated_at": "2021-03-22T08:13:59.412Z",
    "project": 1,
    "type": [
      3
    ]
  }
},
{
  "model": "webapp.tracer",
  "pk": 11,
  "fields": {
    "surname": "buy a car audi",
    "description": "dsfsdfasd bug",
    "status": 3,
    "created_at": "2021-03-18T10:39:20.242Z",
    "updated_at": "2021-03-22T07:55:54.019Z",
    "project": 1,
    "type": [
      3
    ]
  }
},
{
  "model": "webapp.tracer",
  "pk": 12,
  "fields": {
    "surname": "buy a nnotebook",
    "description": "",
    "status": 4,
    "created_at": "2021-03-22T08:00:52.413Z",
    "updated_at": "2021-03-22T08:01:37.289Z",
    "project": 1,
    "type": [
      2
    ]
  }
},
{
  "model": "webapp.tracer",
  "pk": 13,
  "fields": {
    "surname": "bekaaa",
    "description": "bekaa",
    "status": 2,
    "created_at": "2021-03-22T08:41:21.865Z",
    "updated_at": "2021-03-22T08:41:21.865Z",
    "project": 1,
    "type": [
      1
    ]
  }
},
{
  "model": "webapp.tracer",
  "pk": 14,
  "fields": {
    "surname": "fdddddd",
    "description": "fd",
    "status": 3,
    "created_at": "2021-03-25T08:48:11.760Z",
    "updated_at": "2021-03-25T08:48:11.761Z",
    "project": 1,
    "type": [
      1,
      2
    ]
  }
},
{
  "model": "webapp.tracer",
  "pk": 15,
  "fields": {
    "surname": "gdfsgs",
    "description": "dfsgsd",
    "status": 4,
    "created_at": "2021-03-25T09:02:35.642Z",
    "updated_at": "2021-03-25T09:02:35.642Z",
    "project": 1,
    "type": [
      3
    ]
  }
},
{
  "model": "webapp.tracer",
  "pk": 16,
  "fields": {
    "surname": "иулллфффаываываыв",
    "description": "фываыва",
    "status": 3,
    "created_at": "2021-03-29T10:05:39.275Z",
    "updated_at": "2021-04-15T10:29:24.073Z",
    "project": 2,
    "type": [
      2
    ]
  }
},
{
  "model": "webapp.tracer",
  "pk": 27,
  "fields": {
    "surname": "sdfgsdfg",
    "description": "sdfgsdgd",
    "status": 4,
    "created_at": "2021-04-01T08:21:14.934Z",
    "updated_at": "2021-04-01T08:21:14.934Z",
    "project": 10,
    "type": [
      2,
      3
    ]
  }
},
{
  "model": "webapp.tracer",
  "pk": 29,
  "fields": {
    "surname": "adsfasdfasdafd",
    "description": "sfsadfsa",
    "status": 4,
    "created_at": "2021-04-01T08:36:27.259Z",
    "updated_at": "2021-04-01T08:36:27.259Z",
    "project": 13,
    "type": [
      3,
      4
    ]
  }
},
{
  "model": "webapp.tracer",
  "pk": 30,
  "fields": {
    "surname": "ывфыавыыфвыф",
    "description": "ыфввфы",
    "status": 3,
    "created_at": "2021-04-15T10:08:53.504Z",
    "updated_at": "2021-04-15T10:08:53.504Z",
    "project": 10,
    "type": [
      1,
      2,
      3
    ]
  }
},
{
  "model": "webapp.tracer",
  "pk": 31,
  "fields": {
    "surname": "fdsgfafsafsda",
    "description": "fdgsd",
    "status": 4,
    "created_at": "2021-04-15T10:52:53.147Z",
    "updated_at": "2021-04-15T10:52:53.147Z",
    "project": 5,
    "type": [
      2,
      3,
      4
    ]
  }
},
{
  "model": "webapp.project",
  "pk": 1,
  "fields": {
    "name": "первый проект",
    "description": "1 project",
    "start_data": "2021-03-23",
    "end_data": null,
    "user": [
      1,
      14,
      15,
      16
    ]
  }
},
{
  "model": "webapp.project",
  "pk": 2,
  "fields": {
    "name": "dsfsdfssfsd",
    "description": "sdfs",
    "start_data": "2019-03-08",
    "end_data": null,
    "user": [
      1,
      14,
      15,
      16
    ]
  }
},
{
  "model": "webapp.project",
  "pk": 5,
  "fields": {
    "name": "аывафы",
    "description": "аываыф",
    "start_data": "2020-03-03",
    "end_data": null,
    "user": [
      1,
      14,
      15,
      16
    ]
  }
},
{
  "model": "webapp.project",
  "pk": 7,
  "fields": {
    "name": "апывпвыа",
    "description": "ваыпывапыв",
    "start_data": "2019-03-03",
    "end_data": null,
    "user": [
      1,
      14,
      15,
      16
    ]
  }
},
{
  "model": "webapp.project",
  "pk": 8,
  "fields": {
    "name": "ввапатрппроп",
    "description": "парапрварвапра",
    "start_data": "2019-03-06",
    "end_data": null,
    "user": [
      1,
      14,
      15,
      16
    ]
  }
},
{
  "model": "webapp.project",
  "pk": 9,
  "fields": {
    "name": "выаываыв",
    "description": "выаываыв",
    "start_data": "2021-05-09",
    "end_data": null,
    "user": [
      1,
      14,
      15,
      16
    ]
  }
},
{
  "model": "webapp.project",
  "pk": 10,
  "fields": {
    "name": "bekaff",
    "description": "gdfdfgdffdasd11",
    "start_data": "2019-02-03",
    "end_data": null,
    "user": [
      15,
      16
    ]
  }
},
{
  "model": "webapp.project",
  "pk": 12,
  "fields": {
    "name": "dsfasdf",
    "description": "dsafasfsa",
    "start_data": "2021-03-03",
    "end_data": null,
    "user": [
      14,
      15,
      16
    ]
  }
},
{
  "model": "webapp.project",
  "pk": 13,
  "fields": {
    "name": "sjfdsfsd1111",
    "description": "agfdfdg",
    "start_data": "2021-03-04",
    "end_data": null,
    "user": [
      1,
      14,
      15,
      16
    ]
  }
}
]
